"trait","Alleles","maf","Segregating_Families","P.value_STP_2017","effect_STP_2017","percent_variation_explained_STP_2017","P.value_STP_2018","effect_STP_2018","percent_variation_explained_STP_2018","P.value_TLI_2017","effect_TLI_2017","percent_variation_explained_TLI_2017","P.value_TLI_2018","effect_TLI_2018","percent_variation_explained_TLI_2018","SNP","chr","pos"
"flag_leaf_area","G/A",0.43,"07, 15, 26, 36, 38, 39, 45, 46, 55, 63",4.13,1.15,0.53,3.63,0.72,0.77,NA,NA,NA,NA,NA,NA,"Chr07_519891991","07","_519891991"
"flag_leaf_area","G/C",0.45,"07, 15, 26, 36, 38, 39, 45, 46, 55, 63",8.51,1.83,5.68,7.94,1.18,2.41,NA,NA,NA,NA,NA,NA,"Chr09_111606103","09","_111606103"
"flag_leaf_area","G/C",0.35,"07, 15, 26, 36, 38, 39, 45, 46, 55, 63",6.68,-1.5,1.51,5.55,-0.9,0.66,NA,NA,NA,3.77,-1.1,2.53,"Chr09_450570468","09","_450570468"
"flag_leaf_area","G/A",0.39,"07, 15, 26, 36, 38, 39, 45, 46, 55, 63",5.36,-1.35,0.01,5.51,-0.92,0,NA,NA,NA,NA,NA,NA,"Chr20_173511475","20","_173511475"
"floret_site_utilization","G/A",0.02,"39",3.86,-6.27,0.26,NA,NA,NA,4.03,-6.78,1.29,NA,NA,NA,"Chr15_212606143","15","_212606143"
"florets_per_spikelet","A/G",0.18,"07, 15, 36, 38, 45, 46",NA,NA,NA,4.17,0.27,2.83,NA,NA,NA,NA,NA,NA,"Chr02_308320369","02","_308320369"
"florets_per_spikelet","A/G",0.17,"07, 15, 36, 38, 45, 46",NA,NA,NA,NA,NA,NA,3.93,0.35,2.74,NA,NA,NA,"Chr02_308320369","02","_308320369"
"florets_per_spikelet","C/G",0.07,"26, 39, 55",4.23,-0.37,1.22,NA,NA,NA,4.01,-0.38,2.08,NA,NA,NA,"Chr05_402137083","05","_402137083"
"height","A/T",0.14,"07, 45, 46",4.21,-5.25,0,NA,NA,NA,4.11,-6.31,0.65,NA,NA,NA,"Chr04_49417174","04","_49417174"
"height","C/T",0.03,"46",9.45,14.85,4.4,4.5,8.77,3.6,5.46,13.37,0.39,NA,NA,NA,"Chr04_173993463","04","_173993463"
"height","C/G",0.38,"07, 15, 39",4.76,-4.45,2.24,4.49,-3.94,2.89,NA,NA,NA,NA,NA,NA,"Chr04_240293260","04","_240293260"
"height","G/C",0.35,"07, 15, 26, 36, 38, 39, 45, 46, 55, 63",4.59,-3.29,3.57,7.48,-3.91,3.22,NA,NA,NA,NA,NA,NA,"Chr09_450570468","09","_450570468"
"reproductive_tiller_ct","C/A",0.4,"36, 45",3.89,-0.86,2.48,NA,NA,NA,3.62,-0.74,1.06,NA,NA,NA,"Chr03_393373881","03","_393373881"
"reproductive_tiller_ct","G/C",0.35,"07, 15, 26, 36, 38, 39, 45, 46, 55, 63",9.88,-0.81,6.41,8.31,-0.82,5.58,5.18,-0.51,2.82,NA,NA,NA,"Chr09_450570468","09","_450570468"
"reproductive_tiller_ct","C/T",0.02,"45",NA,NA,NA,3.96,-1.49,1.83,4.1,-1.19,1.06,NA,NA,NA,"Chr15_344515633","15","_344515633"
"reproductive_tiller_ct","G/C",0.47,"07, 15, 26, 36, 38, 39, 45, 46, 55, 63",6.11,-0.53,1.71,4.92,-0.53,1.22,NA,NA,NA,NA,NA,NA,"Chr16_326253169","16","_326253169"
"seeds_per_spike","G/C",0.25,"15, 26, 36, 38, 39, 45, 46",3.88,-0.22,1.99,NA,NA,NA,NA,NA,NA,3.94,-0.04,3.01,"Chr05_426524999","05","_426524999"
"spikelets_per_spike","G/A",0.22,"15, 36, 38, 39, 45, 46",5.19,-0.82,2.49,NA,NA,NA,3.78,-0.78,2.63,NA,NA,NA,"Chr05_393541505","05","_393541505"
"spikelets_per_spike","G/C",0.25,"15, 26, 36, 38, 39, 45, 46",NA,NA,NA,NA,NA,NA,5.47,-0.87,0.02,3.89,-0.62,1.83,"Chr05_426524999","05","_426524999"
"stem_diameter","G/A",0.07,"",3.67,-0.12,0.26,NA,NA,NA,NA,NA,NA,NA,NA,NA,"Chr01_354164143","01","_354164143"
"stem_diameter","G/T",0.24,"36, 38, 39, 45, 63",NA,NA,NA,NA,NA,NA,NA,NA,NA,5.21,-0.1,1.67,"Chr02_231503490","02","_231503490"
"stem_diameter","G/A",0.21,"15, 26, 36, 38, 39, 45, 63",NA,NA,NA,NA,NA,NA,NA,NA,NA,4.56,-0.08,0.78,"Chr04_7259337","04","_7259337"
"stem_diameter","T/C",0.32,"07, 15, 26, 36, 38, 39, 45, 46, 55, 63",NA,NA,NA,NA,NA,NA,NA,NA,NA,4.54,0.08,2.79,"Chr05_64643252","05","_64643252"
"stem_diameter","T/C",0.3,"15, 26, 36, 39, 45, 46, 63",4.21,0.09,1.97,NA,NA,NA,4.54,0.1,0.68,5.39,0.09,2.08,"Chr05_131060151","05","_131060151"
"stem_diameter","C/G",0.07,"26, 39, 55",NA,NA,NA,NA,NA,NA,3.79,-0.12,1.38,NA,NA,NA,"Chr05_402137083","05","_402137083"
"stem_diameter","T/A",0.18,"15, 26, 36, 38, 39, 45, 63",4.07,-0.08,1.04,NA,NA,NA,NA,NA,NA,NA,NA,NA,"Chr05_415889170","05","_415889170"
"stem_diameter","G/A",0.05,"45, 63",NA,NA,NA,NA,NA,NA,3.93,-0.17,1.22,NA,NA,NA,"Chr06_339354189","06","_339354189"
"stem_diameter","T/C",0.03,"07",NA,NA,NA,3.91,-0.12,2.03,NA,NA,NA,NA,NA,NA,"Chr07_473272287","07","_473272287"
"stem_diameter","G/C",0.34,"07, 15, 26, 36, 38, 39, 45, 46, 55, 63",7.53,-0.1,4.61,NA,NA,NA,NA,NA,NA,NA,NA,NA,"Chr09_450570468","09","_450570468"
"stem_diameter","G/C",0.35,"07, 15, 26, 36, 38, 39, 45, 46, 55, 63",NA,NA,NA,5.09,-0.06,3.89,NA,NA,NA,NA,NA,NA,"Chr09_450570468","09","_450570468"
"stem_diameter","C/T",0.03,"45",NA,NA,NA,NA,NA,NA,4.06,-0.2,1.74,NA,NA,NA,"Chr14_377447788","14","_377447788"
"stem_diameter","T/C",0.26,"07, 15, 26, 36, 38, 39, 45, 46, 55, 63",3.65,-0.06,0.89,NA,NA,NA,NA,NA,NA,NA,NA,NA,"Chr16_350735257","16","_350735257"
"stem_diameter","G/A",0.38,"07, 15, 26, 36, 38, 39, 45, 46, 55, 63",3.71,-0.07,1.84,NA,NA,NA,NA,NA,NA,NA,NA,NA,"Chr20_173511475","20","_173511475"
"stem_diameter","C/T",0.02,"55",NA,NA,NA,NA,NA,NA,4.36,-0.22,2.12,NA,NA,NA,"Chr21_144619480","21","_144619480"
"stem_diameter","G/A",0.07,"26, 39, 63",4.95,-0.14,2.17,NA,NA,NA,NA,NA,NA,NA,NA,NA,"Chr21_294944844","21","_294944844"
"thousand_grain_weight","A/G",0.03,"39",NA,NA,NA,4.66,-0.59,2.04,4.48,-0.63,1.6,NA,NA,NA,"Chr02_53517790","02","_53517790"
"thousand_grain_weight","A/C",0.03,"39",4.18,0.7,1.06,NA,NA,NA,4.54,0.69,1.97,NA,NA,NA,"Chr07_462262924","07","_462262924"
"thousand_grain_weight","A/G",0.37,"07, 15, 26, 36, 38, 39, 45, 46, 55, 63",3.6,-0.32,3.93,3.66,-0.28,2.03,NA,NA,NA,NA,NA,NA,"Chr09_447878309","09","_447878309"
"yield_per_spike","A/G",0.02,"39",3.6,0.12,1.25,4.67,0.1,0.94,NA,NA,NA,NA,NA,NA,"Chr02_253721877","02","_253721877"
"yield_per_spike","G/A",0.22,"15, 36, 38, 39, 45, 46",5.42,-0.07,0.16,NA,NA,NA,3.74,-0.05,2.24,NA,NA,NA,"Chr05_393541505","05","_393541505"
"yield_per_spike","G/C",0.25,"15, 26, 36, 38, 39, 45, 46",6.93,-0.08,2.39,NA,NA,NA,5.86,-0.06,0.02,NA,NA,NA,"Chr05_426524999","05","_426524999"
"yield_per_spike","G/C",0.34,"07, 15, 26, 36, 38, 39, 45, 46, 55, 63",5.35,-0.06,1.61,NA,NA,NA,NA,NA,NA,NA,NA,NA,"Chr09_450570468","09","_450570468"
"yield_per_spike","G/C",0.35,"07, 15, 26, 36, 38, 39, 45, 46, 55, 63",NA,NA,NA,5.24,-0.04,2.6,NA,NA,NA,NA,NA,NA,"Chr09_450570468","09","_450570468"
