"marker_name","cm_pos","group","bp_pos","chr","display","trait2"
"FLA (STP17, STP18)",NA,"Chr07",519891991,7,"gwas_qtl","FLA"
"FLA (STP17, STP18)",NA,"Chr09",111606103,9,"gwas_qtl","FLA"
"FLA (STP17, STP18)",NA,"Chr09",430697371,9,"gwas_qtl","FLA"
"FLA (STP17, STP18, TLI18)",NA,"Chr09",450570468,9,"gwas_qtl","FLA"
"FLA (STP17, STP18)",NA,"Chr20",173511475,20,"gwas_qtl","FLA"
"FPS (STP18, TLI17)",NA,"Chr02",308320369,2,"gwas_qtl","FPS"
"FPS (STP17, TLI17)",NA,"Chr05",402137083,5,"gwas_qtl","FPS"
"FSU (STP17, TLI17)",NA,"Chr15",212606143,15,"gwas_qtl","FSU"
"HGT (STP17, TLI17)",NA,"Chr04",49417174,4,"gwas_qtl","HGT"
"HGT (STP17, TLI17)",NA,"Chr04",159274767,4,"gwas_qtl","HGT"
"HGT (STP17, STP18, TLI17)",NA,"Chr04",173993463,4,"gwas_qtl","HGT"
"HGT (STP17, TLI17)",NA,"Chr04",213141335,4,"gwas_qtl","HGT"
"HGT (STP17, STP18)",NA,"Chr04",240293260,4,"gwas_qtl","HGT"
"HGT (STP17, STP18)",NA,"Chr09",447902332,9,"gwas_qtl","HGT"
"HGT (STP17, STP18)",NA,"Chr09",450570468,9,"gwas_qtl","HGT"
"RTC (STP17, TLI17)",NA,"Chr03",393373881,3,"gwas_qtl","RTC"
"RTC (STP17, STP18)",NA,"Chr09",111606103,9,"gwas_qtl","RTC"
"RTC (STP17, STP18)",NA,"Chr09",447878309,9,"gwas_qtl","RTC"
"RTC (STP17, STP18)",NA,"Chr09",447902332,9,"gwas_qtl","RTC"
"RTC (STP17, STP18, TLI17)",NA,"Chr09",450570468,9,"gwas_qtl","RTC"
"RTC (STP17, STP18)",NA,"Chr09",457696997,9,"gwas_qtl","RTC"
"RTC (STP18, TLI17)",NA,"Chr15",344515633,15,"gwas_qtl","RTC"
"RTC (STP17, STP18)",NA,"Chr16",326253169,16,"gwas_qtl","RTC"
"SESP (STP17, TLI18)",NA,"Chr05",426524999,5,"gwas_qtl","SESP"
"SPKSPK (STP17, TLI17)",NA,"Chr05",393541505,5,"gwas_qtl","SPKSPK"
"SPKSPK (TLI17, TLI18)",NA,"Chr05",426524999,5,"gwas_qtl","SPKSPK"
"STDIA (STP17, TLI17, TLI18)",NA,"Chr05",131060151,5,"gwas_qtl","STDIA"
"STDIA (STP17, STP18)",NA,"Chr09",447878309,9,"gwas_qtl","STDIA"
"STDIA (STP17, STP18)",NA,"Chr09",450570468,9,"gwas_qtl","STDIA"
"TGW (STP18, TLI17)",NA,"Chr02",53517790,2,"gwas_qtl","TGW"
"TGW (STP17, TLI17)",NA,"Chr07",462262924,7,"gwas_qtl","TGW"
"TGW (STP17, STP18)",NA,"Chr09",447878309,9,"gwas_qtl","TGW"
"YPS (STP17, STP18)",NA,"Chr02",253721877,2,"gwas_qtl","YPS"
"YPS (STP17, TLI17)",NA,"Chr05",393541505,5,"gwas_qtl","YPS"
"YPS (STP17, TLI17)",NA,"Chr05",426524999,5,"gwas_qtl","YPS"
"YPS (STP17, STP18)",NA,"Chr09",450570468,9,"gwas_qtl","YPS"
